id,matter_mg,anti_mg,confinement_pct,efficiency_pct,reactivity_pct,field_gradient_pct,speed_pct,total_energy_j,avg_power_w,stability_index,pair_events,threshold_events,gamma_gamma_share_pct,gamma_meson_share_pct,meson_share_pct
1,300,300,35,60,12,15,30,1.276367e+13,2.191565e+12,7.966351e-01,8.854093e+24,3.311609e+25,6.074299e+01,3.579949e+01,3.457519e+00
2,300,300,35,60,12,35,30,1.243329e+13,2.134836e+12,7.331904e-01,8.576063e+24,3.481759e+25,5.707518e+01,3.944987e+01,3.474955e+00
3,300,300,35,60,12,55,30,1.203768e+13,2.066910e+12,6.599316e-01,8.170173e+24,3.637741e+25,5.312802e+01,4.337295e+01,3.499033e+00
4,300,300,35,60,12,75,30,1.163467e+13,1.997711e+12,5.881694e-01,7.729177e+24,3.774941e+25,4.916283e+01,4.731469e+01,3.522480e+00
5,300,300,35,60,25,15,30,1.647241e+13,2.828368e+12,7.966072e-01,1.143162e+25,4.271584e+25,6.076739e+01,3.577577e+01,3.456835e+00
6,300,300,35,60,25,35,30,1.612315e+13,2.768398e+12,7.328460e-01,1.112808e+25,4.511902e+25,5.710961e+01,3.941638e+01,3.474014e+00
7,300,300,35,60,25,55,30,1.570538e+13,2.696665e+12,6.600873e-01,1.066920e+25,4.741962e+25,5.317453e+01,4.332768e+01,3.497791e+00
8,300,300,35,60,25,75,30,1.527548e+13,2.622851e+12,5.889251e-01,1.016045e+25,4.951021e+25,4.922295e+01,4.725614e+01,3.520912e+00
9,300,300,35,60,45,15,30,2.006170e+13,3.444660e+12,7.973629e-01,1.393790e+25,5.194748e+25,6.083418e+01,3.571085e+01,3.454965e+00
10,300,300,35,60,45,35,30,1.972356e+13,3.386600e+12,7.322181e-01,1.362531e+25,5.513768e+25,5.716033e+01,3.936704e+01,3.472628e+00
11,300,300,35,60,45,55,30,1.933109e+13,3.319212e+12,6.608429e-01,1.315653e+25,5.826137e+25,5.327077e+01,4.323401e+01,3.495222e+00
12,300,300,35,60,45,75,30,1.890875e+13,3.246694e+12,5.886807e-01,1.259391e+25,6.121620e+25,4.928824e+01,4.719255e+01,3.519208e+00
13,300,300,35,60,70,15,30,2.277246e+13,3.910106e+12,7.979185e-01,1.584513e+25,5.884639e+25,6.092731e+01,3.562034e+01,3.452357e+00
14,300,300,35,60,70,35,30,2.247172e+13,3.858468e+12,7.326738e-01,1.555064e+25,6.269613e+25,5.725772e+01,3.927232e+01,3.469966e+00
15,300,300,35,60,70,55,30,2.211393e+13,3.797035e+12,6.600427e-01,1.506379e+25,6.659011e+25,5.331734e+01,4.318868e+01,3.493979e+00
16,300,300,35,60,70,75,30,2.174114e+13,3.733025e+12,5.895640e-01,1.450657e+25,7.027876e+25,4.937524e+01,4.710782e+01,3.516939e+00
17,300,300,35,75,12,15,30,1.595744e+13,2.739946e+12,7.970809e-01,8.856507e+24,3.311804e+25,6.074849e+01,3.579415e+01,3.457365e+00
18,300,300,35,75,12,35,30,1.554139e+13,2.668508e+12,7.331570e-01,8.575479e+24,3.481821e+25,5.707360e+01,3.945141e+01,3.474998e+00
19,300,300,35,75,12,55,30,1.504894e+13,2.583953e+12,6.601983e-01,8.172279e+24,3.637656e+25,5.313577e+01,4.336540e+01,3.498826e+00
20,300,300,35,75,12,75,30,1.454238e+13,2.496975e+12,5.880361e-01,7.728264e+24,3.774916e+25,4.915945e+01,4.731798e+01,3.522568e+00
21,300,300,35,75,25,15,30,2.059853e+13,3.536835e+12,7.978025e-01,1.144269e+25,4.269826e+25,6.080398e+01,3.574021e+01,3.455811e+00
22,300,300,35,75,25,35,30,2.015137e+13,3.460056e+12,7.324787e-01,1.112626e+25,4.511422e+25,5.710858e+01,3.941738e+01,3.474042e+00
23,300,300,35,75,25,55,30,1.964079e+13,3.372388e+12,6.613199e-01,1.067823e+25,4.742363e+25,5.319462e+01,4.330812e+01,3.497255e+00
24,300,300,35,75,25,75,30,1.909616e+13,3.278873e+12,5.891577e-01,1.016181e+25,4.951297e+25,4.922516e+01,4.725399e+01,3.520854e+00
25,300,300,35,75,45,15,30,2.507657e+13,4.305730e+12,7.972746e-01,1.394000e+25,5.193308e+25,6.084583e+01,3.569954e+01,3.454639e+00
26,300,300,35,75,45,35,30,2.465934e+13,4.234089e+12,7.329508e-01,1.363340e+25,5.512355e+25,5.718273e+01,3.934525e+01,3.472015e+00
27,300,300,35,75,45,55,30,2.416126e+13,4.148568e+12,6.604756e-01,1.315203e+25,5.826765e+25,5.325931e+01,4.324516e+01,3.495528e+00
28,300,300,35,75,45,75,30,2.364674e+13,4.060223e+12,5.901134e-01,1.260653e+25,6.121601e+25,4.931454e+01,4.716694e+01,3.518522e+00
29,300,300,35,75,70,15,30,2.845949e+13,4.886588e+12,7.968303e-01,1.583331e+25,5.887732e+25,6.089361e+01,3.565309e+01,3.453301e+00
30,300,300,35,75,70,35,30,2.809282e+13,4.823629e+12,7.332064e-01,1.555733e+25,6.267837e+25,5.727721e+01,3.925336e+01,3.469433e+00
31,300,300,35,75,70,55,30,2.764355e+13,4.746489e+12,6.602201e-01,1.506843e+25,6.657516e+25,5.333145e+01,4.317495e+01,3.493602e+00
32,300,300,35,75,70,75,30,2.718107e+13,4.667079e+12,5.902414e-01,1.451407e+25,7.026902e+25,4.939289e+01,4.709063e+01,3.516479e+00
33,300,300,35,88,12,15,30,1.872924e+13,3.215872e+12,7.978583e-01,8.861782e+24,3.311582e+25,6.076581e+01,3.577731e+01,3.456880e+00
34,300,300,35,88,12,35,30,1.823583e+13,3.131152e+12,7.332345e-01,8.575935e+24,3.481954e+25,5.707334e+01,3.945165e+01,3.475005e+00
35,300,300,35,88,12,55,30,1.766289e+13,3.032777e+12,6.608757e-01,8.177197e+24,3.637781e+25,5.315044e+01,4.335112e+01,3.498434e+00
36,300,300,35,88,12,75,30,1.706875e+13,2.930761e+12,5.887136e-01,7.732799e+24,3.775355e+25,4.917188e+01,4.730588e+01,3.522244e+00
37,300,300,35,88,25,15,30,2.415802e+13,4.148012e+12,7.964140e-01,1.143064e+25,4.271222e+25,6.076840e+01,3.577479e+01,3.456807e+00
38,300,300,35,88,25,35,30,2.364519e+13,4.059957e+12,7.325901e-01,1.112884e+25,4.510511e+25,5.712046e+01,3.940583e+01,3.473718e+00
39,300,300,35,88,25,55,30,2.303407e+13,3.955025e+12,6.600314e-01,1.066843e+25,4.742040e+25,5.317254e+01,4.332962e+01,3.497844e+00
40,300,300,35,88,25,75,30,2.241353e+13,3.848477e+12,5.899692e-01,1.017052e+25,4.950743e+25,4.925037e+01,4.722944e+01,3.520196e+00
41,300,300,35,88,45,15,30,2.942622e+13,5.052580e+12,7.976861e-01,1.394294e+25,5.192969e+25,6.085354e+01,3.569204e+01,3.454423e+00
42,300,300,35,88,45,35,30,2.893059e+13,4.967477e+12,7.325622e-01,1.363124e+25,5.511993e+25,5.718080e+01,3.934713e+01,3.472068e+00
43,300,300,35,88,45,55,30,2.835484e+13,4.868619e+12,6.611530e-01,1.315736e+25,5.826867e+25,5.326893e+01,4.323580e+01,3.495271e+00
44,300,300,35,88,45,75,30,2.773202e+13,4.761679e+12,5.885908e-01,1.258991e+25,6.123143e+25,4.927237e+01,4.720800e+01,3.519622e+00
45,300,300,35,88,70,15,30,3.338904e+13,5.733007e+12,7.963077e-01,1.582929e+25,5.888150e+25,6.088569e+01,3.566079e+01,3.453522e+00
46,300,300,35,88,70,35,30,3.295440e+13,5.658380e+12,7.320839e-01,1.554452e+25,6.270874e+25,5.724167e+01,3.928792e+01,3.470404e+00
47,300,300,35,88,70,55,30,3.243683e+13,5.569511e+12,6.604527e-01,1.506754e+25,6.658878e+25,5.332342e+01,4.318277e+01,3.493817e+00
48,300,300,35,88,70,75,30,3.188709e+13,5.475118e+12,5.895741e-01,1.450705e+25,7.027543e+25,4.937810e+01,4.710504e+01,3.516865e+00
49,300,300,35,96,12,15,30,2.041414e+13,3.505175e+12,7.956910e-01,8.847302e+24,3.311983e+25,6.072050e+01,3.582136e+01,3.458149e+00
50,300,300,35,96,12,35,30,1.989034e+13,3.415238e+12,7.328462e-01,8.573708e+24,3.481606e+25,5.707011e+01,3.945479e+01,3.475094e+00
51,300,300,35,96,12,55,30,1.926978e+13,3.308685e+12,6.610084e-01,8.178064e+24,3.637885e+25,5.315216e+01,4.334946e+01,3.498388e+00
52,300,300,35,96,12,75,30,1.862259e+13,3.197559e+12,5.889462e-01,7.734886e+24,3.775317e+25,4.917900e+01,4.729894e+01,3.522058e+00
53,300,300,35,96,25,15,30,2.635535e+13,4.525301e+12,7.965466e-01,1.143383e+25,4.270107e+25,6.078232e+01,3.576127e+01,3.456417e+00
54,300,300,35,96,25,35,30,2.579575e+13,4.429215e+12,7.327019e-01,1.112705e+25,4.511888e+25,5.710730e+01,3.941862e+01,3.474077e+00
55,300,300,35,96,25,55,30,2.514157e+13,4.316891e+12,6.614640e-01,1.068154e+25,4.741332e+25,5.320908e+01,4.329405e+01,3.496869e+00
56,300,300,35,96,25,75,30,2.443955e+13,4.196351e+12,5.888018e-01,1.015817e+25,4.951601e+25,4.921338e+01,4.726545e+01,3.521161e+00
57,300,300,35,96,45,15,30,3.209594e+13,5.510978e+12,7.970188e-01,1.393631e+25,5.194353e+25,6.083369e+01,3.571133e+01,3.454979e+00
58,300,300,35,96,45,35,30,3.156401e+13,5.419645e+12,7.329575e-01,1.363411e+25,5.511919e+25,5.718672e+01,3.934137e+01,3.471906e+00
59,300,300,35,96,45,55,30,3.092681e+13,5.310235e+12,6.605197e-01,1.315371e+25,5.826364e+25,5.326365e+01,4.324093e+01,3.495412e+00
60,300,300,35,96,45,75,30,3.026053e+13,5.195832e+12,5.893575e-01,1.259850e+25,6.122229e+25,4.929491e+01,4.718606e+01,3.519035e+00
61,300,300,35,96,70,15,30,3.643061e+13,6.255256e+12,7.971744e-01,1.583902e+25,5.885743e+25,6.091210e+01,3.563511e+01,3.452783e+00
62,300,300,35,96,70,35,30,3.596126e+13,6.174667e+12,7.335297e-01,1.556001e+25,6.267391e+25,5.728407e+01,3.924669e+01,3.469246e+00
63,300,300,35,96,70,55,30,3.538655e+13,6.075987e+12,6.605642e-01,1.507118e+25,6.657545e+25,5.333542e+01,4.317108e+01,3.493496e+00
64,300,300,35,96,70,75,30,3.477607e+13,5.971165e+12,5.884515e-01,1.449547e+25,7.028725e+25,4.935235e+01,4.713012e+01,3.517536e+00
65,300,300,55,60,12,15,30,1.506635e+13,2.586942e+12,8.310684e-01,1.441643e+25,3.847728e+25,6.146056e+01,3.510202e+01,3.437424e+00
66,300,300,55,60,12,35,30,1.464402e+13,2.514427e+12,7.653237e-01,1.376285e+25,4.041833e+25,5.778580e+01,3.875867e+01,3.455532e+00
67,300,300,55,60,12,55,30,1.416044e+13,2.431394e+12,6.937858e-01,1.291380e+25,4.217879e+25,5.389228e+01,4.262909e+01,3.478632e+00
68,300,300,55,60,12,75,30,1.364887e+13,2.343556e+12,6.221236e-01,1.198601e+25,4.366460e+25,4.996436e+01,4.653407e+01,3.501573e+00
69,300,300,55,60,25,15,30,1.879847e+13,3.227760e+12,8.303241e-01,1.799934e+25,4.797688e+25,6.149030e+01,3.507311e+01,3.436591e+00
70,300,300,55,60,25,35,30,1.839151e+13,3.157883e+12,7.659793e-01,1.731515e+25,5.068247e+25,5.786168e+01,3.868486e+01,3.453458e+00
71,300,300,55,60,25,55,30,1.791010e+13,3.075223e+12,6.945415e-01,1.636620e+25,5.326681e+25,5.397192e+01,4.255157e+01,3.476506e+00
72,300,300,55,60,25,75,30,1.738824e+13,2.985618e+12,6.222793e-01,1.529446e+25,5.556826e+25,5.002433e+01,4.647566e+01,3.500009e+00
73,300,300,55,60,45,15,30,2.217985e+13,3.808354e+12,8.295962e-01,2.126653e+25,5.652495e+25,6.155530e+01,3.500993e+01,3.434771e+00
74,300,300,55,60,45,35,30,2.182816e+13,3.747967e+12,7.671350e-01,2.059819e+25,6.003029e+25,5.796084e+01,3.858842e+01,3.450748e+00
75,300,300,55,60,45,55,30,2.138796e+13,3.672382e+12,6.945971e-01,1.958860e+25,6.350115e+25,5.406201e+01,4.246389e+01,3.474101e+00
76,300,300,55,60,45,75,30,2.091268e+13,3.590776e+12,6.225349e-01,1.842807e+25,6.675293e+25,5.009059e+01,4.641113e+01,3.498281e+00
77,300,300,55,60,70,15,30,2.460299e+13,4.224415e+12,8.297518e-01,2.362074e+25,6.261747e+25,6.161463e+01,3.495226e+01,3.433110e+00
78,300,300,55,60,70,35,30,2.429778e+13,4.172009e+12,7.659071e-01,2.298092e+25,6.668532e+25,5.806009e+01,3.849187e+01,3.448035e+00
79,300,300,55,60,70,55,30,2.392257e+13,4.107584e+12,6.937595e-01,2.195416e+25,7.091822e+25,5.414182e+01,4.238621e+01,3.471971e+00
80,300,300,55,60,70,75,30,2.351144e+13,4.036991e+12,6.217182e-01,2.077693e+25,7.490829e+25,5.019553e+01,4.630893e+01,3.495543e+00
81,300,300,55,75,12,15,30,1.883032e+13,3.233228e+12,8.307351e-01,1.441129e+25,3.848077e+25,6.145022e+01,3.511207e+01,3.437714e+00
82,300,300,55,75,12,35,30,1.830804e+13,3.143551e+12,7.656904e-01,1.376459e+25,4.042580e+25,5.778481e+01,3.875963e+01,3.455559e+00
83,300,300,55,75,12,55,30,1.770702e+13,3.040354e+12,6.945316e-01,1.292706e+25,4.217258e+25,5.391924e+01,4.260285e+01,3.477912e+00
84,300,300,55,75,12,75,30,1.706628e+13,2.930337e+12,6.226903e-01,1.199238e+25,4.367074e+25,4.997362e+01,4.652505e+01,3.501332e+00
85,300,300,55,75,25,15,30,2.349248e+13,4.033737e+12,8.295928e-01,1.799342e+25,4.796957e+25,6.148641e+01,3.507689e+01,3.436700e+00
86,300,300,55,75,25,35,30,2.299239e+13,3.947868e+12,7.663480e-01,1.731882e+25,5.068767e+25,5.786303e+01,3.868355e+01,3.453421e+00
87,300,300,55,75,25,55,30,2.238281e+13,3.843202e+12,6.939893e-01,1.635610e+25,5.327203e+25,5.395549e+01,4.256756e+01,3.476944e+00
88,300,300,55,75,25,75,30,2.172845e+13,3.730846e+12,6.215480e-01,1.527971e+25,5.557486e+25,4.999986e+01,4.649949e+01,3.500647e+00
89,300,300,55,75,45,15,30,2.773140e+13,4.761574e+12,8.305649e-01,2.127821e+25,5.652102e+25,6.156909e+01,3.499652e+01,3.434385e+00
90,300,300,55,75,45,35,30,2.727622e+13,4.683417e+12,7.659037e-01,2.058004e+25,6.004114e+25,5.793611e+01,3.861247e+01,3.451424e+00
91,300,300,55,75,45,55,30,2.672425e+13,4.588641e+12,6.932449e-01,1.956311e+25,6.351882e+25,5.402646e+01,4.249849e+01,3.475050e+00
92,300,300,55,75,45,75,30,2.613802e+13,4.487985e+12,6.222036e-01,1.843881e+25,6.671325e+25,5.011798e+01,4.638446e+01,3.497566e+00
93,300,300,55,75,70,15,30,3.075873e+13,5.281376e+12,8.306205e-01,2.363342e+25,6.260121e+25,6.163357e+01,3.493385e+01,3.432579e+00
94,300,300,55,75,70,35,30,3.037699e+13,5.215830e+12,7.666758e-01,2.298874e+25,6.668439e+25,5.806836e+01,3.848383e+01,3.447809e+00
95,300,300,55,75,70,55,30,2.990467e+13,5.134730e+12,6.939730e-01,2.195859e+25,7.091407e+25,5.414742e+01,4.238076e+01,3.471821e+00
96,300,300,55,75,70,75,30,2.939613e+13,5.047412e+12,6.226317e-01,2.079325e+25,7.489775e+25,5.021650e+01,4.628850e+01,3.494996e+00
97,300,300,55,88,12,15,30,2.209805e+13,3.794307e+12,8.311486e-01,1.441734e+25,3.847806e+25,6.146114e+01,3.510145e+01,3.437408e+00
98,300,300,55,88,12,35,30,2.148832e+13,3.689616e+12,7.664039e-01,1.377701e+25,4.041784e+25,5.781000e+01,3.873513e+01,3.454871e+00
99,300,300,55,88,12,55,30,2.077332e+13,3.566848e+12,6.942451e-01,1.292159e+25,4.217603e+25,5.390756e+01,4.261422e+01,3.478224e+00
100,300,300,55,88,12,75,30,2.001274e+13,3.436254e+12,6.216038e-01,1.197701e+25,4.366477e+25,4.994835e+01,4.654966e+01,3.501991e+00
101,300,300,55,88,25,15,30,2.756642e+13,4.733245e+12,8.298042e-01,1.799644e+25,4.796747e+25,6.149149e+01,3.507195e+01,3.436558e+00
102,300,300,55,88,25,35,30,2.698262e+13,4.633005e+12,7.668595e-01,1.732827e+25,5.067861e+25,5.788052e+01,3.866654e+01,3.452943e+00
103,300,300,55,88,25,55,30,2.626570e+13,4.509907e+12,6.943008e-01,1.637063e+25,5.324597e+25,5.398757e+01,4.253634e+01,3.476088e+00
104,300,300,55,88,25,75,30,2.550692e+13,4.379622e+12,6.226594e-01,1.529932e+25,5.557013e+25,5.003165e+01,4.646853e+01,3.499818e+00
105,300,300,55,88,45,15,30,3.253269e+13,5.585971e+12,8.298764e-01,2.127252e+25,5.651541e+25,6.156598e+01,3.499955e+01,3.434472e+00
106,300,300,55,88,45,35,30,3.200305e+13,5.495029e+12,7.657811e-01,2.057667e+25,6.004436e+25,5.793192e+01,3.861654e+01,3.451538e+00
107,300,300,55,88,45,55,30,3.136924e+13,5.386202e+12,6.946224e-01,1.959188e+25,6.349540e+25,5.406714e+01,4.245889e+01,3.473964e+00
108,300,300,55,88,45,75,30,3.068148e+13,5.268111e+12,6.234811e-01,1.845185e+25,6.673173e+25,5.012600e+01,4.637664e+01,3.497357e+00
109,300,300,55,88,70,15,30,3.608404e+13,6.195749e+12,8.296980e-01,2.363012e+25,6.258699e+25,6.163604e+01,3.493145e+01,3.432510e+00
110,300,300,55,88,70,35,30,3.563634e+13,6.118877e+12,7.658533e-01,2.296987e+25,6.671404e+25,5.803870e+01,3.851268e+01,3.448620e+00
111,300,300,55,88,70,55,30,3.509239e+13,6.025478e+12,6.945056e-01,2.196503e+25,7.091412e+25,5.415371e+01,4.237464e+01,3.471653e+00
112,300,300,55,88,70,75,30,3.448892e+13,5.921862e+12,6.223434e-01,2.078362e+25,7.491238e+25,5.020140e+01,4.630321e+01,3.495390e+00
113,300,300,55,96,12,15,30,2.410227e+13,4.138439e+12,8.306812e-01,1.441194e+25,3.847818e+25,6.145225e+01,3.511010e+01,3.437657e+00
114,300,300,55,96,12,35,30,2.344214e+13,4.025093e+12,7.664365e-01,1.377518e+25,4.042478e+25,5.780235e+01,3.874257e+01,3.455080e+00
115,300,300,55,96,12,55,30,2.266106e+13,3.890979e+12,6.941778e-01,1.292216e+25,4.217227e+25,5.391050e+01,4.261135e+01,3.478145e+00
116,300,300,55,96,12,75,30,2.183555e+13,3.749236e+12,6.218991e-01,1.198009e+25,4.366946e+25,4.995126e+01,4.654683e+01,3.501915e+00
117,300,300,55,96,25,15,30,3.007965e+13,5.164775e+12,8.305369e-01,1.800348e+25,4.797350e+25,6.149659e+01,3.506699e+01,3.436415e+00
118,300,300,55,96,25,35,30,2.943593e+13,5.054246e+12,7.668921e-01,1.733028e+25,5.067476e+25,5.788477e+01,3.866240e+01,3.452827e+00
119,300,300,55,96,25,55,30,2.865608e+13,4.920343e+12,6.945334e-01,1.636815e+25,5.326126e+25,5.397724e+01,4.254640e+01,3.476364e+00
120,300,300,55,96,25,75,30,2.782586e+13,4.777793e+12,6.226712e-01,1.529868e+25,5.557357e+25,5.002844e+01,4.647166e+01,3.499902e+00
121,300,300,55,96,45,15,30,3.549919e+13,6.095328e+12,8.309090e-01,2.128331e+25,5.651563e+25,6.157716e+01,3.498868e+01,3.434159e+00
122,300,300,55,96,45,35,30,3.491305e+13,5.994685e+12,7.658478e-01,2.058138e+25,6.003654e+25,5.793911e+01,3.860955e+01,3.451342e+00
123,300,300,55,96,45,55,30,3.422065e+13,5.875799e+12,6.945891e-01,1.959359e+25,6.348940e+25,5.407158e+01,4.245457e+01,3.473846e+00
124,300,300,55,96,45,75,30,3.346462e+13,5.745985e+12,6.229269e-01,1.844690e+25,6.672247e+25,5.012358e+01,4.637900e+01,3.497420e+00
125,300,300,55,96,70,15,30,3.936711e+13,6.759462e+12,8.300647e-01,2.363528e+25,6.258342e+25,6.164167e+01,3.492598e+01,3.432352e+00
126,300,300,55,96,70,35,30,3.887335e+13,6.674683e+12,7.655199e-01,2.296467e+25,6.672130e+25,5.803012e+01,3.852102e+01,3.448854e+00
127,300,300,55,96,70,55,30,3.828414e+13,6.573514e+12,6.946831e-01,2.196575e+25,7.091811e+25,5.415287e+01,4.237545e+01,3.471676e+00
128,300,300,55,96,70,75,30,3.763170e+13,6.461486e+12,6.231209e-01,2.078702e+25,7.493001e+25,5.019925e+01,4.630530e+01,3.495446e+00
129,300,300,75,60,12,15,30,1.700200e+13,2.919299e+12,8.642587e-01,2.094736e+25,4.276601e+25,6.213936e+01,3.444223e+01,3.418416e+00
130,300,300,75,60,12,35,30,1.655024e+13,2.841731e+12,7.992139e-01,1.993210e+25,4.499244e+25,5.851800e+01,3.804648e+01,3.435519e+00
131,300,300,75,60,12,55,30,1.602841e+13,2.752131e+12,7.285552e-01,1.861302e+25,4.703460e+25,5.467170e+01,4.187047e+01,3.457827e+00
132,300,300,75,60,12,75,30,1.545454e+13,2.653596e+12,6.558765e-01,1.712296e+25,4.876159e+25,5.074030e+01,4.577836e+01,3.481334e+00
133,300,300,75,60,25,15,30,2.064338e+13,3.544536e+12,8.638143e-01,2.547033e+25,5.185252e+25,6.220156e+01,3.438177e+01,3.416674e+00
134,300,300,75,60,25,35,30,2.023406e+13,3.474255e+12,8.005696e-01,2.442394e+25,5.490868e+25,5.860372e+01,3.796310e+01,3.433176e+00
135,300,300,75,60,25,55,30,1.973434e+13,3.388452e+12,7.289108e-01,2.296693e+25,5.782265e+25,5.474931e+01,4.179493e+01,3.455755e+00
136,300,300,75,60,25,75,30,1.917828e+13,3.292975e+12,6.555487e-01,2.129034e+25,6.043985e+25,5.080540e+01,4.571496e+01,3.479636e+00
137,300,300,75,60,45,15,30,2.377751e+13,4.082677e+12,8.635864e-01,2.939769e+25,5.960759e+25,6.228855e+01,3.429721e+01,3.414238e+00
138,300,300,75,60,45,35,30,2.343184e+13,4.023325e+12,8.006252e-01,2.836567e+25,6.343196e+25,5.871997e+01,3.785003e+01,3.429999e+00
139,300,300,75,60,45,55,30,2.299537e+13,3.948381e+12,7.277665e-01,2.681916e+25,6.727937e+25,5.482469e+01,4.172157e+01,3.453743e+00
140,300,300,75,60,45,75,30,2.252172e+13,3.867053e+12,6.560043e-01,2.508193e+25,7.084423e+25,5.090910e+01,4.561397e+01,3.476931e+00
141,300,300,75,60,70,15,30,2.593160e+13,4.452540e+12,8.639421e-01,3.211595e+25,6.489960e+25,6.236200e+01,3.422582e+01,3.412181e+00
142,300,300,75,60,70,35,30,2.564369e+13,4.403106e+12,7.999974e-01,3.113848e+25,6.924670e+25,5.883889e+01,3.773437e+01,3.426748e+00
143,300,300,75,60,70,55,30,2.528617e+13,4.341719e+12,7.278497e-01,2.959030e+25,7.380810e+25,5.494583e+01,4.160366e+01,3.450509e+00
144,300,300,75,60,70,75,30,2.488435e+13,4.272725e+12,6.549876e-01,2.778939e+25,7.814855e+25,5.099955e+01,4.552587e+01,3.474572e+00
145,300,300,75,75,12,15,30,2.125036e+13,3.648757e+12,8.640045e-01,2.094579e+25,4.275837e+25,6.214282e+01,3.443886e+01,3.418318e+00
146,300,300,75,75,12,35,30,2.069644e+13,3.553648e+12,8.001806e-01,1.995388e+25,4.498595e+25,5.854492e+01,3.802029e+01,3.434783e+00
147,300,300,75,75,12,55,30,2.002375e+13,3.438144e+12,7.273219e-01,1.859505e+25,4.701797e+25,5.465960e+01,4.188225e+01,3.458149e+00
148,300,300,75,75,12,75,30,1.931545e+13,3.316526e+12,6.556092e-01,1.711929e+25,4.875544e+25,5.073946e+01,4.577918e+01,3.481356e+00
149,300,300,75,75,25,15,30,2.580508e+13,4.430818e+12,8.639261e-01,2.546569e+25,5.186600e+25,6.219153e+01,3.439152e+01,3.416955e+00
150,300,300,75,75,25,35,30,2.529119e+13,4.342580e+12,8.004022e-01,2.442769e+25,5.489451e+25,5.861344e+01,3.795365e+01,3.432910e+00
151,300,300,75,75,25,55,30,2.465461e+13,4.233277e+12,7.274435e-01,2.293981e+25,5.781638e+25,5.472699e+01,4.181666e+01,3.456351e+00
152,300,300,75,75,25,75,30,2.398504e+13,4.118311e+12,6.567813e-01,2.132742e+25,6.042716e+25,5.084534e+01,4.567607e+01,3.478594e+00
153,300,300,75,75,45,15,30,2.972448e+13,5.103792e+12,8.639817e-01,2.939050e+25,5.963211e+25,6.227422e+01,3.431114e+01,3.414639e+00
154,300,300,75,75,45,35,30,2.928003e+13,5.027478e+12,7.992579e-01,2.833940e+25,6.344261e+25,5.869602e+01,3.787333e+01,3.430653e+00
155,300,300,75,75,45,55,30,2.874604e+13,4.935790e+12,7.279991e-01,2.682439e+25,6.727744e+25,5.482945e+01,4.171693e+01,3.453616e+00
156,300,300,75,75,45,75,30,2.815676e+13,4.834608e+12,6.565370e-01,2.509197e+25,7.084626e+25,5.091660e+01,4.560666e+01,3.476736e+00
157,300,300,75,75,70,15,30,3.241295e+13,5.565411e+12,8.636539e-01,3.212031e+25,6.488549e+25,6.236949e+01,3.421854e+01,3.411971e+00
158,300,300,75,75,70,35,30,3.205655e+13,5.504215e+12,8.003300e-01,3.112285e+25,6.928376e+25,5.881627e+01,3.775636e+01,3.427366e+00
159,300,300,75,75,70,55,30,3.160626e+13,5.426898e+12,7.276272e-01,2.958485e+25,7.381101e+25,5.494142e+01,4.160795e+01,3.450627e+00
160,300,300,75,75,70,75,30,3.111474e+13,5.342504e+12,6.562650e-01,2.783619e+25,7.810692e+25,5.104564e+01,4.548099e+01,3.473370e+00
161,300,300,75,88,12,15,30,2.492956e+13,4.280488e+12,8.635819e-01,2.093340e+25,4.277090e+25,6.212237e+01,3.445874e+01,3.418891e+00
162,300,300,75,88,12,35,30,2.427730e+13,4.168492e+12,7.995580e-01,1.993763e+25,4.499562e+25,5.852173e+01,3.804285e+01,3.435417e+00
163,300,300,75,88,12,55,30,2.349988e+13,4.035007e+12,7.277993e-01,1.860193e+25,4.702496e+25,5.466369e+01,4.187827e+01,3.458040e+00
164,300,300,75,88,12,75,30,2.266120e+13,3.891002e+12,6.554206e-01,1.711468e+25,4.875586e+25,5.073342e+01,4.578506e+01,3.481513e+00
165,300,300,75,88,25,15,30,3.027992e+13,5.199161e+12,8.641375e-01,2.547668e+25,5.184896e+25,6.220893e+01,3.437460e+01,3.416467e+00
166,300,300,75,88,25,35,30,2.966626e+13,5.093794e+12,7.995137e-01,2.440921e+25,5.489767e+25,5.859660e+01,3.797003e+01,3.433371e+00
167,300,300,75,88,25,55,30,2.893352e+13,4.967982e+12,7.279550e-01,2.295093e+25,5.781625e+25,5.473685e+01,4.180706e+01,3.456087e+00
168,300,300,75,88,25,75,30,2.813097e+13,4.830180e+12,6.557928e-01,2.128631e+25,6.045756e+25,5.079468e+01,4.572540e+01,3.479916e+00
169,300,300,75,88,45,15,30,3.487684e+13,5.988468e+12,8.639952e-01,2.939217e+25,5.962779e+25,6.227756e+01,3.430789e+01,3.414545e+00
170,300,300,75,88,45,35,30,3.435618e+13,5.899069e+12,7.993714e-01,2.833030e+25,6.346564e+25,5.867999e+01,3.788892e+01,3.431091e+00
171,300,300,75,88,45,55,30,3.373341e+13,5.792138e+12,7.285126e-01,2.683592e+25,6.727327e+25,5.483988e+01,4.170678e+01,3.453337e+00
172,300,300,75,88,45,75,30,3.303538e+13,5.672283e+12,6.563505e-01,2.509437e+25,7.083431e+25,5.092280e+01,4.560063e+01,3.476574e+00
173,300,300,75,88,70,15,30,3.803127e+13,6.530095e+12,8.636674e-01,3.211341e+25,6.489870e+25,6.236059e+01,3.422719e+01,3.412220e+00
174,300,300,75,88,70,35,30,3.760760e+13,6.457350e+12,7.995435e-01,3.111791e+25,6.927214e+25,5.881741e+01,3.775526e+01,3.427335e+00
175,300,300,75,88,70,55,30,3.708060e+13,6.366861e+12,7.270959e-01,2.956662e+25,7.383205e+25,5.492108e+01,4.162775e+01,3.451170e+00
176,300,300,75,88,70,75,30,3.650513e+13,6.268050e+12,6.559337e-01,2.781618e+25,7.813182e+25,5.102369e+01,4.550237e+01,3.473942e+00
177,300,300,75,96,12,15,30,2.720096e+13,4.670494e+12,8.640506e-01,2.094721e+25,4.275934e+25,6.214262e+01,3.443905e+01,3.418324e+00
178,300,300,75,96,12,35,30,2.648945e+13,4.548326e+12,8.000059e-01,1.995010e+25,4.498796e+25,5.853916e+01,3.802590e+01,3.434940e+00
179,300,300,75,96,12,55,30,2.563218e+13,4.401130e+12,7.274680e-01,1.859685e+25,4.702202e+25,5.465874e+01,4.188309e+01,3.458173e+00
180,300,300,75,96,12,75,30,2.473397e+13,4.246905e+12,6.563893e-01,1.713460e+25,4.876240e+25,5.075448e+01,4.576456e+01,3.480964e+00
181,300,300,75,96,25,15,30,3.302532e+13,5.670556e+12,8.634063e-01,2.546530e+25,5.184967e+25,6.219852e+01,3.438472e+01,3.416759e+00
182,300,300,75,96,25,35,30,3.237550e+13,5.558980e+12,8.006615e-01,2.443366e+25,5.489220e+25,5.861956e+01,3.794770e+01,3.432743e+00
183,300,300,75,96,25,55,30,3.156232e+13,5.419354e+12,7.278237e-01,2.294606e+25,5.781822e+25,5.473259e+01,4.181121e+01,3.456201e+00
184,300,300,75,96,25,75,30,3.068414e+13,5.268569e+12,6.554615e-01,2.128479e+25,6.044658e+25,5.079720e+01,4.572295e+01,3.479850e+00
185,300,300,75,96,45,15,30,3.804210e+13,6.531954e+12,8.633619e-01,2.937570e+25,5.964671e+25,6.225731e+01,3.432757e+01,3.415112e+00
186,300,300,75,96,45,35,30,3.749453e+13,6.437934e+12,8.010172e-01,2.837230e+25,6.343285e+25,5.872386e+01,3.784625e+01,3.429892e+00
187,300,300,75,96,45,55,30,3.680076e+13,6.318812e+12,7.285793e-01,2.684221e+25,6.726429e+25,5.484772e+01,4.169915e+01,3.453128e+00
188,300,300,75,96,45,75,30,3.604598e+13,6.189213e+12,6.570171e-01,2.510702e+25,7.083886e+25,5.093060e+01,4.559303e+01,3.476370e+00
189,300,300,75,96,70,15,30,4.148842e+13,7.123698e+12,8.636340e-01,3.210177e+25,6.492368e+25,6.234335e+01,3.424395e+01,3.412703e+00
190,300,300,75,96,70,35,30,4.103021e+13,7.045023e+12,8.000388e-01,3.113876e+25,6.924819e+25,5.883822e+01,3.773501e+01,3.426766e+00
191,300,300,75,96,70,55,30,4.046641e+13,6.948217e+12,7.288733e-01,2.962044e+25,7.378308e+25,5.497415e+01,4.157610e+01,3.449753e+00
192,300,300,75,96,70,75,30,3.982265e+13,6.837680e+12,6.558111e-01,2.782349e+25,7.811578e+25,5.103349e+01,4.549282e+01,3.473687e+00
193,300,300,92,60,12,15,30,1.841201e+13,3.161404e+12,8.920881e-01,2.715800e+25,4.571520e+25,6.271146e+01,3.388615e+01,3.402395e+00
194,300,300,92,60,12,35,30,1.795833e+13,3.083504e+12,8.277433e-01,2.584382e+25,4.820801e+25,5.911933e+01,3.746159e+01,3.419083e+00
195,300,300,92,60,12,55,30,1.742897e+13,2.992611e+12,7.576055e-01,2.412865e+25,5.050915e+25,5.531471e+01,4.124463e+01,3.440662e+00
196,300,300,92,60,12,75,30,1.683700e+13,2.890968e+12,6.848268e-01,2.215582e+25,5.248790e+25,5.140638e+01,4.512966e+01,3.463960e+00
197,300,300,92,60,25,15,30,2.192695e+13,3.764929e+12,8.920437e-01,3.240404e+25,5.434585e+25,6.278910e+01,3.381068e+01,3.400220e+00
198,300,300,92,60,25,35,30,2.152412e+13,3.695762e+12,8.282990e-01,3.105155e+25,5.766841e+25,5.921089e+01,3.737253e+01,3.416580e+00
199,300,300,92,60,25,55,30,2.103477e+13,3.611740e+12,7.569611e-01,2.917930e+25,6.087673e+25,5.538353e+01,4.117765e+01,3.438826e+00
200,300,300,92,60,25,75,30,2.049353e+13,3.518806e+12,6.848989e-01,2.702849e+25,6.380745e+25,5.147471e+01,4.506311e+01,3.462178e+00
201,300,300,92,60,45,15,30,2.484676e+13,4.266270e+12,8.925993e-01,3.679311e+25,6.146589e+25,6.287190e+01,3.373020e+01,3.397902e+00
202,300,300,92,60,45,35,30,2.451866e+13,4.209934e+12,8.292546e-01,3.549304e+25,6.551219e+25,5.933986e+01,3.724708e+01,3.413055e+00
203,300,300,92,60,45,55,30,2.410227e+13,4.138440e+12,7.561167e-01,3.352582e+25,6.962618e+25,5.547735e+01,4.108633e+01,3.436321e+00
204,300,300,92,60,45,75,30,2.365845e+13,4.062233e+12,6.858546e-01,3.134714e+25,7.346338e+25,5.162252e+01,4.491915e+01,3.458323e+00
205,300,300,92,60,70,15,30,2.679421e+13,4.600655e+12,8.926715e-01,3.976488e+25,6.614445e+25,6.296339e+01,3.364127e+01,3.395340e+00
206,300,300,92,60,70,35,30,2.652816e+13,4.554973e+12,8.286102e-01,3.855559e+25,7.064654e+25,5.949602e+01,3.709519e+01,3.408787e+00
207,300,300,92,60,70,55,30,2.619437e+13,4.497660e+12,7.560791e-01,3.658187e+25,7.546479e+25,5.561540e+01,4.095196e+01,3.432636e+00
208,300,300,92,60,70,75,30,2.582717e+13,4.434610e+12,6.848378e-01,3.434053e+25,8.003725e+25,5.173209e+01,4.481245e+01,3.455465e+00
209,300,300,92,75,12,15,30,2.301730e+13,3.952146e+12,8.923547e-01,2.716917e+25,4.570582e+25,6.272477e+01,3.387321e+01,3.402022e+00
210,300,300,92,75,12,35,30,2.244852e+13,3.854484e+12,8.278100e-01,2.584714e+25,4.820636e+25,5.912223e+01,3.745876e+01,3.419004e+00
211,300,300,92,75,12,55,30,2.177540e+13,3.738908e+12,7.565007e-01,2.410455e+25,5.050090e+25,5.529769e+01,4.126119e+01,3.441117e+00
212,300,300,92,75,12,75,30,2.104553e+13,3.613587e+12,6.847594e-01,2.215202e+25,5.249119e+25,5.140105e+01,4.513485e+01,3.464099e+00
213,300,300,92,75,25,15,30,2.741425e+13,4.707117e+12,8.927763e-01,3.241601e+25,5.434707e+25,6.279699e+01,3.380301e+01,3.399999e+00
214,300,300,92,75,25,35,30,2.691034e+13,4.620594e+12,8.289316e-01,3.106951e+25,5.766181e+25,5.922541e+01,3.735841e+01,3.416183e+00
215,300,300,92,75,25,55,30,2.629089e+13,4.514232e+12,7.566729e-01,2.916765e+25,6.088329e+25,5.537301e+01,4.118788e+01,3.439106e+00
216,300,300,92,75,25,75,30,2.562117e+13,4.399239e+12,6.853316e-01,2.704591e+25,6.379980e+25,5.149043e+01,4.504780e+01,3.461768e+00
217,300,300,92,75,45,15,30,3.105431e+13,5.332127e+12,8.919320e-01,3.678148e+25,6.146714e+25,6.286520e+01,3.373671e+01,3.398089e+00
218,300,300,92,75,45,35,30,3.064180e+13,5.261298e+12,8.282873e-01,3.549151e+25,6.548514e+25,5.934930e+01,3.723791e+01,3.412797e+00
219,300,300,92,75,45,55,30,3.013093e+13,5.173580e+12,7.565285e-01,3.354260e+25,6.961337e+25,5.549194e+01,4.107212e+01,3.435931e+00
220,300,300,92,75,45,75,30,2.956834e+13,5.076982e+12,6.852872e-01,3.134483e+25,7.344823e+25,5.162509e+01,4.491666e+01,3.458256e+00
221,300,300,92,75,70,15,30,3.349294e+13,5.750849e+12,8.927041e-01,3.978642e+25,6.610863e+25,6.298719e+01,3.361814e+01,3.394673e+00
222,300,300,92,75,70,35,30,3.316689e+13,5.694864e+12,8.298429e-01,3.857347e+25,7.064691e+25,5.950524e+01,3.708622e+01,3.408535e+00
223,300,300,92,75,70,55,30,3.274648e+13,5.622678e+12,7.566566e-01,3.659820e+25,7.545460e+25,5.562772e+01,4.093998e+01,3.432307e+00
224,300,300,92,75,70,75,30,3.227971e+13,5.542532e+12,6.842152e-01,3.431822e+25,8.005301e+25,5.171411e+01,4.482995e+01,3.455934e+00
225,300,300,92,88,12,15,30,2.700574e+13,4.636975e+12,8.922322e-01,2.717096e+25,4.569876e+25,6.272955e+01,3.386856e+01,3.401888e+00
226,300,300,92,88,12,35,30,2.634896e+13,4.524203e+12,8.286874e-01,2.587071e+25,4.820161e+25,5.914372e+01,3.743787e+01,3.418416e+00
227,300,300,92,88,12,55,30,2.554764e+13,4.386613e+12,7.563122e-01,2.409607e+25,5.050462e+25,5.528958e+01,4.126908e+01,3.441333e+00
228,300,300,92,88,12,75,30,2.469357e+13,4.239967e+12,6.847709e-01,2.215448e+25,5.248822e+25,5.140450e+01,4.513149e+01,3.464010e+00
229,300,300,92,88,25,15,30,3.216883e+13,5.523495e+12,8.930878e-01,3.242623e+25,5.433982e+25,6.280660e+01,3.379367e+01,3.399730e+00
230,300,300,92,88,25,35,30,3.156530e+13,5.419866e+12,8.279431e-01,3.105736e+25,5.764492e+25,5.922504e+01,3.735877e+01,3.416194e+00
231,300,300,92,88,25,55,30,3.084916e+13,5.296903e+12,7.567843e-01,2.918743e+25,6.085751e+25,5.539660e+01,4.116493e+01,3.438477e+00
232,300,300,92,88,25,75,30,3.006230e+13,5.161795e+12,6.853430e-01,2.703829e+25,6.381078e+25,5.148120e+01,4.505679e+01,3.462009e+00
233,300,300,92,88,45,15,30,3.644271e+13,6.257334e+12,8.927094e-01,3.679555e+25,6.146409e+25,6.287414e+01,3.372802e+01,3.397839e+00
234,300,300,92,88,45,35,30,3.595842e+13,6.174179e+12,8.289647e-01,3.550050e+25,6.548969e+25,5.935306e+01,3.723425e+01,3.412694e+00
235,300,300,92,88,45,55,30,3.535166e+13,6.069997e+12,7.563060e-01,3.353274e+25,6.962205e+25,5.548277e+01,4.108106e+01,3.436176e+00
236,300,300,92,88,45,75,30,3.469621e+13,5.957454e+12,6.855647e-01,3.133321e+25,7.347414e+25,5.161001e+01,4.493134e+01,3.458649e+00
237,300,300,92,88,70,15,30,3.929592e+13,6.747240e+12,8.922816e-01,3.977377e+25,6.612092e+25,6.297638e+01,3.362864e+01,3.394976e+00
238,300,300,92,88,70,35,30,3.890930e+13,6.680855e+12,8.288203e-01,3.854918e+25,7.066246e+25,5.948704e+01,3.710393e+01,3.409032e+00
239,300,300,92,88,70,55,30,3.842419e+13,6.597559e+12,7.568892e-01,3.660113e+25,7.545483e+25,5.562974e+01,4.093800e+01,3.432253e+00
240,300,300,92,88,70,75,30,3.788216e+13,6.504492e+12,6.851270e-01,3.434408e+25,8.003994e+25,5.173358e+01,4.481099e+01,3.455426e+00
241,300,300,92,96,12,15,30,2.947317e+13,5.060640e+12,8.933648e-01,2.719161e+25,4.570457e+25,6.274234e+01,3.385613e+01,3.401530e+00
242,300,300,92,96,12,35,30,2.874237e+13,4.935160e+12,8.285201e-01,2.586591e+25,4.820343e+25,5.913872e+01,3.744272e+01,3.418553e+00
243,300,300,92,96,12,55,30,2.787306e+13,4.785897e+12,7.565449e-01,2.410142e+25,5.050657e+25,5.529296e+01,4.126579e+01,3.441243e+00
244,300,300,92,96,12,75,30,2.693725e+13,4.625214e+12,6.846827e-01,2.215532e+25,5.248324e+25,5.140728e+01,4.512878e+01,3.463937e+00
245,300,300,92,96,25,15,30,3.508581e+13,6.024348e+12,8.923205e-01,3.240688e+25,5.434762e+25,6.279103e+01,3.380880e+01,3.400166e+00
246,300,300,92,96,25,35,30,3.444571e+13,5.914441e+12,8.289757e-01,3.107896e+25,5.764848e+25,5.923697e+01,3.734717e+01,3.415868e+00
247,300,300,92,96,25,55,30,3.364710e+13,5.777318e+12,7.562170e-01,2.915554e+25,6.088374e+25,5.536469e+01,4.119598e+01,3.439328e+00
248,300,300,92,96,25,75,30,3.279141e+13,5.630393e+12,6.850383e-01,2.704110e+25,6.379419e+25,5.148909e+01,4.504910e+01,3.461803e+00
249,300,300,92,96,45,15,30,3.975305e+13,6.825730e+12,8.923761e-01,3.680052e+25,6.144572e+25,6.288429e+01,3.371816e+01,3.397555e+00
250,300,300,92,96,45,35,30,3.921665e+13,6.733628e+12,8.277314e-01,3.544358e+25,6.554689e+25,5.929903e+01,3.728679e+01,3.414171e+00
251,300,300,92,96,45,55,30,3.856898e+13,6.622421e+12,7.566726e-01,3.354971e+25,6.960751e+25,5.549807e+01,4.106617e+01,3.435768e+00
252,300,300,92,96,45,75,30,3.784132e+13,6.497480e+12,6.847104e-01,3.131871e+25,7.346454e+25,5.160400e+01,4.493719e+01,3.458806e+00
253,300,300,92,96,70,15,30,4.286997e+13,7.360915e+12,8.925482e-01,3.977830e+25,6.611655e+25,6.298097e+01,3.362418e+01,3.394847e+00
254,300,300,92,96,70,35,30,4.244906e+13,7.288643e+12,8.291891e-01,3.854138e+25,7.068417e+25,5.947543e+01,3.711522e+01,3.409350e+00
255,300,300,92,96,70,55,30,4.191817e+13,7.197487e+12,7.570027e-01,3.659521e+25,7.546849e+25,5.562160e+01,4.094592e+01,3.432470e+00
256,300,300,92,96,70,75,30,4.132610e+13,7.095828e+12,6.851405e-01,3.433072e+25,8.005782e+25,5.172151e+01,4.482274e+01,3.455741e+00
